,gender,married,dependents,education,self_employed,applicantincome,coapplicantincome,loanamount,loan_amount_term,credit_history,property_area,loan_status
1,male,yes,1.0,graduate,no,4583,1508.0,128.0,360.0,1.0,rural,n
2,male,yes,0.0,graduate,yes,3000,0.0,66.0,360.0,1.0,urban,y
3,male,yes,0.0,not graduate,no,2583,2358.0,120.0,360.0,1.0,urban,y
4,male,no,0.0,graduate,no,6000,0.0,141.0,360.0,1.0,urban,y
5,male,yes,2.0,graduate,yes,5417,4196.0,267.0,360.0,1.0,urban,y
6,male,yes,0.0,not graduate,no,2333,1516.0,95.0,360.0,1.0,urban,y
7,male,yes,3.0,graduate,no,3036,2504.0,158.0,360.0,0.0,semiurban,n
8,male,yes,2.0,graduate,no,4006,1526.0,168.0,360.0,1.0,urban,y
9,male,yes,1.0,graduate,no,12841,10968.0,349.0,360.0,1.0,semiurban,n
10,male,yes,2.0,graduate,no,3200,700.0,70.0,360.0,1.0,urban,y
12,male,yes,2.0,graduate,no,3073,8106.0,200.0,360.0,1.0,urban,y
13,male,no,0.0,graduate,no,1853,2840.0,114.0,360.0,1.0,rural,n
14,male,yes,2.0,graduate,no,1299,1086.0,17.0,120.0,1.0,urban,y
15,male,no,0.0,graduate,no,4950,0.0,125.0,360.0,1.0,urban,y
17,female,no,0.0,graduate,no,3510,0.0,76.0,360.0,0.0,urban,n
18,male,yes,0.0,not graduate,no,4887,0.0,133.0,360.0,1.0,rural,n
20,male,yes,0.0,not graduate,no,7660,0.0,104.0,360.0,0.0,urban,n
21,male,yes,1.0,graduate,no,5955,5625.0,315.0,360.0,1.0,urban,y
22,male,yes,0.0,not graduate,no,2600,1911.0,116.0,360.0,0.0,semiurban,n
25,male,yes,0.0,graduate,yes,9560,0.0,191.0,360.0,1.0,semiurban,y
26,male,yes,0.0,graduate,no,2799,2253.0,122.0,360.0,1.0,semiurban,y
27,male,yes,2.0,not graduate,no,4226,1040.0,110.0,360.0,1.0,urban,y
28,male,no,0.0,not graduate,no,1442,0.0,35.0,360.0,1.0,urban,n
31,male,no,0.0,graduate,no,3167,0.0,74.0,360.0,1.0,urban,n
32,male,no,1.0,graduate,yes,4692,0.0,106.0,360.0,1.0,rural,n
33,male,yes,0.0,graduate,no,3500,1667.0,114.0,360.0,1.0,semiurban,y
34,male,no,3.0,graduate,no,12500,3000.0,320.0,360.0,1.0,rural,n
37,female,yes,0.0,graduate,no,3667,1459.0,144.0,360.0,1.0,semiurban,y
38,male,no,0.0,graduate,no,4166,7210.0,184.0,360.0,1.0,urban,y
39,male,no,0.0,not graduate,no,3748,1668.0,110.0,360.0,1.0,semiurban,y
40,male,no,0.0,graduate,no,3600,0.0,80.0,360.0,1.0,urban,n
41,male,no,0.0,graduate,no,1800,1213.0,47.0,360.0,1.0,urban,y
43,male,yes,0.0,graduate,no,3941,2336.0,134.0,360.0,1.0,semiurban,y
46,male,yes,1.0,graduate,no,5649,0.0,44.0,360.0,1.0,urban,y
47,male,yes,0.0,graduate,no,5821,0.0,144.0,360.0,1.0,urban,y
48,female,yes,0.0,graduate,no,2645,3440.0,120.0,360.0,0.0,urban,n
49,female,no,0.0,graduate,no,4000,2275.0,144.0,360.0,1.0,semiurban,y
50,female,yes,0.0,not graduate,no,1928,1644.0,100.0,360.0,1.0,semiurban,y
51,female,no,0.0,graduate,no,3086,0.0,120.0,360.0,1.0,semiurban,y
52,female,no,0.0,graduate,no,4230,0.0,112.0,360.0,1.0,semiurban,n
53,male,yes,2.0,graduate,no,4616,0.0,134.0,360.0,1.0,urban,n
54,female,yes,1.0,graduate,yes,11500,0.0,286.0,360.0,0.0,urban,n
55,male,yes,2.0,graduate,no,2708,1167.0,97.0,360.0,1.0,semiurban,y
56,male,yes,0.0,graduate,no,2132,1591.0,96.0,360.0,1.0,semiurban,y
57,male,yes,0.0,graduate,no,3366,2200.0,135.0,360.0,1.0,rural,n
58,male,yes,1.0,graduate,no,8080,2250.0,180.0,360.0,1.0,urban,y
59,male,yes,2.0,not graduate,no,3357,2859.0,144.0,360.0,1.0,urban,y
60,male,yes,0.0,graduate,no,2500,3796.0,120.0,360.0,1.0,urban,y
61,male,yes,3.0,graduate,no,3029,0.0,99.0,360.0,1.0,urban,y
62,male,yes,0.0,not graduate,yes,2609,3449.0,165.0,180.0,0.0,rural,n
64,female,no,0.0,graduate,no,4166,0.0,116.0,360.0,0.0,semiurban,n
65,male,yes,0.0,graduate,no,5726,4595.0,258.0,360.0,1.0,semiurban,n
66,male,no,0.0,not graduate,no,3200,2254.0,126.0,180.0,0.0,urban,n
67,male,yes,1.0,graduate,no,10750,0.0,312.0,360.0,1.0,urban,y
68,male,yes,3.0,not graduate,yes,7100,0.0,125.0,60.0,1.0,urban,y
69,female,no,0.0,graduate,no,4300,0.0,136.0,360.0,0.0,semiurban,n
70,male,yes,0.0,graduate,no,3208,3066.0,172.0,360.0,1.0,urban,y
71,male,yes,2.0,not graduate,yes,1875,1875.0,97.0,360.0,1.0,semiurban,y
72,male,no,0.0,graduate,no,3500,0.0,81.0,300.0,1.0,semiurban,y
74,male,yes,3.0,graduate,yes,5266,1774.0,187.0,360.0,1.0,semiurban,y
75,male,no,0.0,graduate,no,3750,0.0,113.0,480.0,1.0,urban,n
76,male,no,0.0,graduate,no,3750,4750.0,176.0,360.0,1.0,urban,n
77,male,yes,1.0,graduate,yes,1000,3022.0,110.0,360.0,1.0,urban,n
78,male,yes,3.0,graduate,no,3167,4000.0,180.0,300.0,0.0,semiurban,n
80,female,no,0.0,graduate,no,3846,0.0,111.0,360.0,1.0,semiurban,y
82,female,yes,2.0,graduate,no,1378,1881.0,167.0,360.0,1.0,urban,n
84,male,yes,1.0,graduate,no,3988,0.0,50.0,240.0,1.0,urban,y
85,male,no,0.0,graduate,no,2366,2531.0,136.0,360.0,1.0,semiurban,y
87,male,yes,0.0,graduate,no,2500,2118.0,104.0,360.0,1.0,semiurban,y
88,male,no,0.0,graduate,no,8566,0.0,210.0,360.0,1.0,urban,y
89,male,yes,0.0,graduate,no,5695,4167.0,175.0,360.0,1.0,semiurban,y
90,male,yes,0.0,graduate,no,2958,2900.0,131.0,360.0,1.0,semiurban,y
91,male,yes,2.0,graduate,no,6250,5654.0,188.0,180.0,1.0,semiurban,y
92,male,yes,2.0,not graduate,no,3273,1820.0,81.0,360.0,1.0,urban,y
93,male,no,0.0,graduate,no,4133,0.0,122.0,360.0,1.0,semiurban,y
94,male,no,0.0,not graduate,no,3620,0.0,25.0,120.0,1.0,semiurban,y
96,female,yes,0.0,graduate,no,2484,2302.0,137.0,360.0,1.0,semiurban,y
97,male,yes,0.0,graduate,no,1977,997.0,50.0,360.0,1.0,semiurban,y
98,male,yes,0.0,not graduate,no,4188,0.0,115.0,180.0,1.0,semiurban,y
99,male,yes,0.0,graduate,no,1759,3541.0,131.0,360.0,1.0,semiurban,y
100,male,yes,2.0,not graduate,no,4288,3263.0,133.0,180.0,1.0,urban,y
101,male,no,0.0,graduate,no,4843,3806.0,151.0,360.0,1.0,semiurban,y
105,male,yes,1.0,graduate,no,3052,1030.0,100.0,360.0,1.0,urban,y
106,male,yes,2.0,graduate,no,11417,1126.0,225.0,360.0,1.0,urban,y
108,male,yes,2.0,graduate,no,3800,3600.0,216.0,360.0,0.0,urban,n
109,male,yes,3.0,not graduate,no,2071,754.0,94.0,480.0,1.0,semiurban,y
110,male,no,0.0,graduate,no,5316,0.0,136.0,360.0,1.0,urban,y
115,male,yes,1.0,graduate,no,14583,0.0,185.0,180.0,1.0,rural,y
116,female,yes,0.0,graduate,no,3167,2283.0,154.0,360.0,1.0,semiurban,y
118,male,yes,0.0,graduate,no,5568,2142.0,175.0,360.0,1.0,rural,n
119,female,no,0.0,graduate,no,10408,0.0,259.0,360.0,1.0,urban,y
121,female,no,0.0,graduate,no,4166,0.0,44.0,360.0,1.0,semiurban,y
122,female,no,0.0,graduate,no,2137,8980.0,137.0,360.0,0.0,semiurban,y
123,male,yes,2.0,graduate,no,2957,0.0,81.0,360.0,1.0,semiurban,y
124,male,yes,0.0,not graduate,no,4300,2014.0,194.0,360.0,1.0,rural,y
128,male,yes,1.0,graduate,yes,10513,3850.0,160.0,180.0,0.0,urban,n
131,male,no,0.0,graduate,no,2014,1929.0,74.0,360.0,1.0,urban,y
132,male,no,0.0,graduate,no,2718,0.0,70.0,360.0,1.0,semiurban,y
133,male,yes,0.0,graduate,yes,3459,0.0,25.0,120.0,1.0,semiurban,y
134,male,no,0.0,graduate,no,4895,0.0,102.0,360.0,1.0,semiurban,y
135,male,yes,3.0,graduate,no,4000,7750.0,290.0,360.0,1.0,semiurban,n
136,female,yes,0.0,graduate,no,4583,0.0,84.0,360.0,1.0,rural,n
137,male,yes,2.0,graduate,yes,3316,3500.0,88.0,360.0,1.0,urban,y
138,male,no,0.0,graduate,no,14999,0.0,242.0,360.0,0.0,semiurban,n
139,male,yes,2.0,not graduate,no,4200,1430.0,129.0,360.0,1.0,rural,n
140,male,yes,2.0,graduate,no,5042,2083.0,185.0,360.0,1.0,rural,n
141,male,no,0.0,graduate,no,5417,0.0,168.0,360.0,1.0,urban,y
142,male,no,0.0,graduate,yes,6950,0.0,175.0,180.0,1.0,semiurban,y
143,male,yes,0.0,graduate,no,2698,2034.0,122.0,360.0,1.0,semiurban,y
144,male,yes,2.0,graduate,no,11757,0.0,187.0,180.0,1.0,urban,y
145,female,yes,0.0,graduate,no,2330,4486.0,100.0,360.0,1.0,semiurban,y
146,female,yes,2.0,graduate,no,14866,0.0,70.0,360.0,1.0,urban,y
147,male,yes,1.0,graduate,no,1538,1425.0,30.0,360.0,1.0,urban,y
148,female,no,0.0,graduate,no,10000,1666.0,225.0,360.0,1.0,rural,n
149,male,yes,0.0,graduate,no,4860,830.0,125.0,360.0,1.0,semiurban,y
150,male,no,0.0,graduate,no,6277,0.0,118.0,360.0,0.0,rural,n
151,male,yes,0.0,graduate,yes,2577,3750.0,152.0,360.0,1.0,rural,y
152,male,no,0.0,graduate,no,9166,0.0,244.0,360.0,1.0,urban,n
153,male,yes,2.0,not graduate,no,2281,0.0,113.0,360.0,1.0,rural,n
154,male,no,0.0,graduate,no,3254,0.0,50.0,360.0,1.0,urban,y
155,male,yes,3.0,graduate,no,39999,0.0,600.0,180.0,0.0,semiurban,y
157,male,yes,1.0,graduate,no,9538,0.0,187.0,360.0,1.0,urban,y
159,male,yes,0.0,graduate,no,4583,5625.0,255.0,360.0,1.0,semiurban,y
160,male,yes,0.0,not graduate,no,1863,1041.0,98.0,360.0,1.0,semiurban,y
161,male,yes,0.0,graduate,no,7933,0.0,275.0,360.0,1.0,urban,n
162,male,yes,1.0,graduate,no,3089,1280.0,121.0,360.0,0.0,semiurban,n
163,male,yes,2.0,graduate,no,4167,1447.0,158.0,360.0,1.0,rural,y
164,male,yes,0.0,graduate,no,9323,0.0,75.0,180.0,1.0,urban,y
166,female,yes,0.0,graduate,no,4583,0.0,112.0,360.0,1.0,rural,n
167,male,yes,0.0,graduate,no,2439,3333.0,129.0,360.0,1.0,rural,y
168,male,no,0.0,graduate,no,2237,0.0,63.0,480.0,0.0,semiurban,n
169,male,yes,2.0,graduate,no,8000,0.0,200.0,360.0,1.0,semiurban,y
172,male,yes,3.0,not graduate,no,3522,0.0,81.0,180.0,1.0,rural,n
173,male,yes,0.0,graduate,no,5708,5625.0,187.0,360.0,1.0,semiurban,y
174,male,yes,0.0,not graduate,yes,4344,736.0,87.0,360.0,1.0,semiurban,n
175,male,yes,0.0,graduate,no,3497,1964.0,116.0,360.0,1.0,rural,y
176,male,yes,2.0,graduate,no,2045,1619.0,101.0,360.0,1.0,rural,y
177,male,yes,3.0,graduate,no,5516,11300.0,495.0,360.0,0.0,semiurban,n
178,male,yes,1.0,graduate,no,3750,0.0,116.0,360.0,1.0,semiurban,y
179,male,no,0.0,not graduate,no,2333,1451.0,102.0,480.0,0.0,urban,n
180,male,yes,1.0,graduate,no,6400,7250.0,180.0,360.0,0.0,urban,n
182,male,yes,0.0,graduate,no,4600,0.0,73.0,180.0,1.0,semiurban,y
183,male,yes,1.0,graduate,no,33846,0.0,260.0,360.0,1.0,semiurban,n
184,female,yes,0.0,graduate,no,3625,0.0,108.0,360.0,1.0,semiurban,y
185,male,yes,0.0,graduate,yes,39147,4750.0,120.0,360.0,1.0,semiurban,y
186,male,yes,1.0,graduate,yes,2178,0.0,66.0,300.0,0.0,rural,n
189,male,yes,0.0,graduate,no,9328,0.0,188.0,180.0,1.0,rural,y
190,male,no,0.0,not graduate,no,4885,0.0,48.0,360.0,1.0,rural,y
191,male,no,0.0,graduate,no,12000,0.0,164.0,360.0,1.0,semiurban,n
192,male,yes,0.0,not graduate,no,6033,0.0,160.0,360.0,1.0,urban,n
193,male,no,0.0,graduate,no,3858,0.0,76.0,360.0,1.0,semiurban,y
194,male,no,0.0,graduate,no,4191,0.0,120.0,360.0,1.0,rural,y
195,male,yes,1.0,graduate,no,3125,2583.0,170.0,360.0,1.0,semiurban,n
196,male,no,0.0,graduate,no,8333,3750.0,187.0,360.0,1.0,rural,y
199,male,no,0.0,graduate,yes,11000,0.0,83.0,360.0,1.0,urban,n
200,male,yes,1.0,not graduate,no,2600,2500.0,90.0,360.0,1.0,semiurban,y
201,male,no,2.0,graduate,no,4923,0.0,166.0,360.0,0.0,semiurban,y
203,male,yes,1.0,not graduate,no,3500,1083.0,135.0,360.0,1.0,urban,y
204,male,yes,2.0,not graduate,no,3917,0.0,124.0,360.0,1.0,semiurban,y
205,female,no,0.0,not graduate,no,4408,0.0,120.0,360.0,1.0,semiurban,y
206,female,no,0.0,graduate,no,3244,0.0,80.0,360.0,1.0,urban,y
207,male,no,0.0,not graduate,no,3975,2531.0,55.0,360.0,1.0,rural,y
208,male,no,0.0,graduate,no,2479,0.0,59.0,360.0,1.0,urban,y
209,male,no,0.0,graduate,no,3418,0.0,127.0,360.0,1.0,semiurban,n
210,female,no,0.0,graduate,no,10000,0.0,214.0,360.0,1.0,semiurban,n
211,male,yes,3.0,graduate,no,3430,1250.0,128.0,360.0,0.0,semiurban,n
212,male,yes,1.0,graduate,yes,7787,0.0,240.0,360.0,1.0,urban,y
213,male,yes,3.0,not graduate,yes,5703,0.0,130.0,360.0,1.0,rural,y
214,male,yes,0.0,graduate,no,3173,3021.0,137.0,360.0,1.0,urban,y
215,male,yes,3.0,not graduate,no,3850,983.0,100.0,360.0,1.0,semiurban,y
216,male,yes,0.0,graduate,no,150,1800.0,135.0,360.0,1.0,rural,n
217,male,yes,0.0,graduate,no,3727,1775.0,131.0,360.0,1.0,semiurban,y
220,male,yes,0.0,graduate,no,2221,0.0,60.0,360.0,0.0,urban,n
221,male,yes,2.0,graduate,no,4009,1717.0,116.0,360.0,1.0,semiurban,y
222,male,no,0.0,graduate,no,2971,2791.0,144.0,360.0,1.0,semiurban,y
224,male,yes,0.0,graduate,no,6250,0.0,128.0,360.0,1.0,semiurban,y
225,male,yes,0.0,graduate,no,3250,0.0,170.0,360.0,1.0,rural,n
227,male,yes,2.0,graduate,no,6250,1695.0,210.0,360.0,1.0,semiurban,y
229,male,no,0.0,graduate,yes,6400,0.0,200.0,360.0,1.0,rural,y
230,male,yes,1.0,graduate,no,2491,2054.0,104.0,360.0,1.0,semiurban,y
233,female,no,0.0,graduate,no,8333,0.0,280.0,360.0,1.0,semiurban,y
234,male,yes,1.0,graduate,no,3155,1779.0,140.0,360.0,1.0,semiurban,y
235,male,yes,1.0,graduate,no,5500,1260.0,170.0,360.0,1.0,rural,y
238,female,no,1.0,graduate,no,3812,0.0,112.0,360.0,1.0,rural,y
239,male,yes,1.0,graduate,no,3315,0.0,96.0,360.0,1.0,semiurban,y
240,male,yes,2.0,graduate,no,5819,5000.0,120.0,360.0,1.0,rural,y
241,male,yes,1.0,not graduate,no,2510,1983.0,140.0,180.0,1.0,urban,n
242,male,no,0.0,graduate,no,2965,5701.0,155.0,60.0,1.0,urban,y
243,male,yes,2.0,graduate,yes,6250,1300.0,108.0,360.0,1.0,rural,y
244,male,yes,0.0,not graduate,no,3406,4417.0,123.0,360.0,1.0,semiurban,y
245,male,no,0.0,graduate,yes,6050,4333.0,120.0,180.0,1.0,urban,n
246,male,yes,2.0,graduate,no,9703,0.0,112.0,360.0,1.0,urban,y
247,male,yes,1.0,not graduate,no,6608,0.0,137.0,180.0,1.0,urban,y
248,male,yes,1.0,graduate,no,2882,1843.0,123.0,480.0,1.0,semiurban,y
249,male,yes,0.0,graduate,no,1809,1868.0,90.0,360.0,1.0,urban,y
250,male,yes,0.0,not graduate,no,1668,3890.0,201.0,360.0,0.0,semiurban,n
251,female,no,2.0,graduate,no,3427,0.0,138.0,360.0,1.0,urban,n
252,male,no,0.0,not graduate,yes,2583,2167.0,104.0,360.0,1.0,rural,y
253,male,yes,1.0,not graduate,no,2661,7101.0,279.0,180.0,1.0,semiurban,y
254,male,no,0.0,graduate,yes,16250,0.0,192.0,360.0,0.0,urban,n
255,female,no,3.0,graduate,no,3083,0.0,255.0,360.0,1.0,rural,y
256,male,no,0.0,not graduate,no,6045,0.0,115.0,360.0,0.0,rural,n
257,male,yes,3.0,graduate,no,5250,0.0,94.0,360.0,1.0,urban,n
258,male,yes,0.0,graduate,no,14683,2100.0,304.0,360.0,1.0,rural,n
261,male,no,0.0,graduate,no,2060,2209.0,134.0,360.0,1.0,semiurban,y
262,female,no,1.0,graduate,no,3481,0.0,155.0,36.0,1.0,semiurban,n
263,female,no,0.0,graduate,no,7200,0.0,120.0,360.0,1.0,rural,y
264,male,no,0.0,graduate,yes,5166,0.0,128.0,360.0,1.0,semiurban,y
265,male,no,0.0,graduate,no,4095,3447.0,151.0,360.0,1.0,rural,y
266,male,yes,2.0,graduate,no,4708,1387.0,150.0,360.0,1.0,semiurban,y
267,male,yes,3.0,graduate,no,4333,1811.0,160.0,360.0,0.0,urban,y
269,female,no,1.0,graduate,no,2876,1560.0,90.0,360.0,1.0,urban,y
270,female,no,0.0,graduate,no,3237,0.0,30.0,360.0,1.0,urban,y
271,male,yes,0.0,graduate,no,11146,0.0,136.0,360.0,1.0,urban,y
272,male,no,0.0,graduate,no,2833,1857.0,126.0,360.0,1.0,rural,y
273,male,yes,0.0,graduate,no,2620,2223.0,150.0,360.0,1.0,semiurban,y
274,male,yes,2.0,graduate,no,3900,0.0,90.0,360.0,1.0,semiurban,y
275,male,yes,1.0,graduate,no,2750,1842.0,115.0,360.0,1.0,semiurban,y
276,male,yes,0.0,graduate,no,3993,3274.0,207.0,360.0,1.0,semiurban,y
277,male,yes,0.0,graduate,no,3103,1300.0,80.0,360.0,1.0,urban,y
278,male,yes,0.0,graduate,no,14583,0.0,436.0,360.0,1.0,semiurban,y
280,male,no,1.0,not graduate,yes,4053,2426.0,158.0,360.0,0.0,urban,n
281,male,yes,0.0,graduate,no,3927,800.0,112.0,360.0,1.0,semiurban,y
282,male,yes,2.0,graduate,no,2301,985.7999878,78.0,180.0,1.0,urban,y
283,female,no,0.0,graduate,no,1811,1666.0,54.0,360.0,1.0,urban,y
285,male,no,0.0,graduate,no,3158,3053.0,89.0,360.0,1.0,rural,y
286,female,no,0.0,graduate,yes,2600,1717.0,99.0,300.0,1.0,semiurban,n
287,male,yes,0.0,graduate,no,3704,2000.0,120.0,360.0,1.0,rural,y
288,female,no,0.0,graduate,no,4124,0.0,115.0,360.0,1.0,semiurban,y
289,male,no,0.0,graduate,no,9508,0.0,187.0,360.0,1.0,rural,y
290,male,yes,0.0,graduate,no,3075,2416.0,139.0,360.0,1.0,rural,y
291,male,yes,2.0,graduate,no,4400,0.0,127.0,360.0,0.0,semiurban,n
292,male,yes,2.0,graduate,no,3153,1560.0,134.0,360.0,1.0,urban,y
294,male,yes,0.0,graduate,no,2383,3334.0,172.0,360.0,1.0,semiurban,y
296,male,yes,1.0,graduate,no,6875,0.0,200.0,360.0,1.0,semiurban,y
297,female,yes,1.0,graduate,no,4666,0.0,135.0,360.0,1.0,urban,y
298,female,no,0.0,graduate,no,5000,2541.0,151.0,480.0,1.0,rural,n
299,male,yes,1.0,graduate,no,2014,2925.0,113.0,360.0,1.0,urban,n
300,male,yes,0.0,not graduate,no,1800,2934.0,93.0,360.0,0.0,urban,n
302,female,no,0.0,graduate,no,5000,0.0,132.0,360.0,1.0,rural,y
303,male,yes,1.0,graduate,no,1625,1803.0,96.0,360.0,1.0,urban,y
304,male,no,0.0,graduate,no,4000,2500.0,140.0,360.0,1.0,rural,y
306,female,no,0.0,graduate,no,3762,1666.0,135.0,360.0,1.0,rural,y
307,female,no,0.0,graduate,no,2400,1863.0,104.0,360.0,0.0,urban,n
308,male,no,0.0,graduate,no,20233,0.0,480.0,360.0,1.0,rural,n
310,female,no,0.0,graduate,no,2917,0.0,84.0,360.0,1.0,semiurban,y
311,male,no,0.0,not graduate,no,2927,2405.0,111.0,360.0,1.0,semiurban,y
312,female,no,0.0,graduate,no,2507,0.0,56.0,360.0,1.0,rural,y
315,male,yes,1.0,not graduate,no,3399,1640.0,111.0,180.0,1.0,urban,y
316,male,yes,2.0,graduate,no,3717,0.0,120.0,360.0,1.0,semiurban,y
319,male,yes,1.0,graduate,yes,10000,0.0,155.0,360.0,1.0,rural,n
320,male,yes,0.0,graduate,no,2400,2167.0,115.0,360.0,1.0,semiurban,y
321,male,yes,3.0,graduate,no,4342,189.0,124.0,360.0,1.0,semiurban,y
324,male,yes,3.0,graduate,no,15000,0.0,300.0,360.0,1.0,rural,y
325,male,yes,1.0,graduate,yes,8666,4983.0,376.0,360.0,0.0,rural,n
326,male,no,0.0,graduate,no,4917,0.0,130.0,360.0,0.0,rural,y
327,male,yes,0.0,graduate,yes,5818,2160.0,184.0,360.0,1.0,semiurban,y
328,female,yes,0.0,graduate,no,4333,2451.0,110.0,360.0,1.0,urban,n
329,female,no,0.0,graduate,no,2500,0.0,67.0,360.0,1.0,urban,y
330,male,no,1.0,graduate,no,4384,1793.0,117.0,360.0,1.0,urban,y
331,male,no,0.0,graduate,no,2935,0.0,98.0,360.0,1.0,semiurban,y
337,male,yes,2.0,graduate,yes,2500,4600.0,176.0,360.0,1.0,rural,y
339,female,no,0.0,graduate,no,4160,0.0,71.0,360.0,1.0,semiurban,y
340,male,yes,3.0,not graduate,no,2647,1587.0,173.0,360.0,1.0,rural,n
341,female,no,0.0,graduate,no,2378,0.0,46.0,360.0,1.0,rural,n
342,male,yes,1.0,not graduate,no,4554,1229.0,158.0,360.0,1.0,urban,y
343,male,yes,3.0,not graduate,no,3173,0.0,74.0,360.0,1.0,semiurban,y
345,male,yes,0.0,graduate,no,2499,2458.0,160.0,360.0,1.0,semiurban,y
347,male,yes,2.0,not graduate,no,3083,2168.0,126.0,360.0,1.0,urban,y
349,male,yes,0.0,graduate,no,2625,6250.0,187.0,360.0,1.0,rural,y
350,male,yes,0.0,graduate,no,9083,0.0,228.0,360.0,1.0,semiurban,y
351,male,no,0.0,graduate,no,8750,4167.0,308.0,360.0,1.0,rural,n
352,male,yes,3.0,graduate,no,2666,2083.0,95.0,360.0,1.0,rural,y
353,female,yes,0.0,graduate,yes,5500,0.0,105.0,360.0,0.0,rural,n
354,female,yes,0.0,graduate,no,2423,505.0,130.0,360.0,1.0,semiurban,y
356,male,yes,2.0,graduate,no,8333,3167.0,165.0,360.0,1.0,rural,y
357,male,yes,1.0,graduate,no,3875,0.0,67.0,360.0,1.0,urban,n
358,male,yes,0.0,not graduate,no,3000,1666.0,100.0,480.0,0.0,urban,n
359,male,yes,3.0,graduate,no,5167,3167.0,200.0,360.0,1.0,semiurban,y
360,female,no,1.0,graduate,no,4723,0.0,81.0,360.0,1.0,semiurban,n
361,male,yes,2.0,graduate,no,5000,3667.0,236.0,360.0,1.0,semiurban,y
362,male,yes,0.0,graduate,no,4750,2333.0,130.0,360.0,1.0,urban,y
364,male,no,0.0,graduate,yes,6822,0.0,141.0,360.0,1.0,rural,y
365,male,no,0.0,not graduate,no,6216,0.0,133.0,360.0,1.0,rural,n
366,male,no,0.0,graduate,no,2500,0.0,96.0,480.0,1.0,semiurban,n
368,male,yes,1.0,graduate,no,6325,0.0,175.0,360.0,1.0,semiurban,y
369,male,yes,0.0,graduate,no,19730,5266.0,570.0,360.0,1.0,rural,n
370,female,no,0.0,graduate,yes,15759,0.0,55.0,360.0,1.0,semiurban,y
371,male,yes,2.0,graduate,no,5185,0.0,155.0,360.0,1.0,semiurban,y
372,male,yes,2.0,graduate,yes,9323,7873.0,380.0,300.0,1.0,rural,y
373,male,no,1.0,graduate,no,3062,1987.0,111.0,180.0,0.0,urban,n
375,male,yes,0.0,graduate,no,4817,923.0,120.0,180.0,1.0,urban,y
376,male,yes,3.0,graduate,no,8750,4996.0,130.0,360.0,1.0,rural,y
378,male,no,0.0,graduate,no,3069,0.0,71.0,480.0,1.0,urban,n
379,male,yes,2.0,graduate,no,5391,0.0,130.0,360.0,1.0,urban,y
381,male,no,0.0,graduate,no,5941,4232.0,296.0,360.0,1.0,semiurban,y
382,female,no,0.0,graduate,no,6000,0.0,156.0,360.0,1.0,urban,y
383,male,no,0.0,graduate,yes,7167,0.0,128.0,360.0,1.0,urban,y
384,male,yes,2.0,graduate,no,4566,0.0,100.0,360.0,1.0,urban,n
386,male,no,0.0,not graduate,no,2346,1600.0,132.0,360.0,1.0,semiurban,y
388,male,yes,0.0,graduate,no,2333,2417.0,136.0,360.0,1.0,urban,y
389,male,yes,0.0,graduate,no,5488,0.0,125.0,360.0,1.0,rural,y
390,male,no,3.0,graduate,no,9167,0.0,185.0,360.0,1.0,rural,y
391,male,yes,3.0,graduate,no,9504,0.0,275.0,360.0,1.0,rural,y
393,male,yes,2.0,not graduate,no,1993,1625.0,113.0,180.0,1.0,semiurban,y
394,male,yes,2.0,graduate,no,3100,1400.0,113.0,360.0,1.0,urban,y
396,female,no,0.0,graduate,no,3180,0.0,71.0,360.0,0.0,urban,n
397,male,yes,0.0,graduate,no,3033,1459.0,95.0,360.0,1.0,urban,y
398,male,no,0.0,not graduate,no,3902,1666.0,109.0,360.0,1.0,rural,y
399,female,no,0.0,graduate,no,1500,1800.0,103.0,360.0,0.0,semiurban,n
400,male,yes,2.0,not graduate,no,2889,0.0,45.0,180.0,0.0,urban,n
401,male,no,0.0,not graduate,no,2755,0.0,65.0,300.0,1.0,rural,n
402,male,no,0.0,graduate,no,2500,20000.0,103.0,360.0,1.0,semiurban,y
403,female,no,0.0,not graduate,no,1963,0.0,53.0,360.0,1.0,semiurban,y
404,female,no,0.0,graduate,yes,7441,0.0,194.0,360.0,1.0,rural,n
405,female,no,0.0,graduate,no,4547,0.0,115.0,360.0,1.0,semiurban,y
406,male,yes,0.0,not graduate,no,2167,2400.0,115.0,360.0,1.0,urban,y
407,female,no,0.0,not graduate,no,2213,0.0,66.0,360.0,1.0,rural,y
408,male,yes,1.0,graduate,no,8300,0.0,152.0,300.0,0.0,semiurban,n
409,male,yes,3.0,graduate,no,81000,0.0,360.0,360.0,0.0,rural,n
410,female,no,1.0,not graduate,yes,3867,0.0,62.0,360.0,1.0,semiurban,n
412,male,yes,0.0,not graduate,no,6096,0.0,218.0,360.0,0.0,rural,n
413,male,yes,0.0,not graduate,no,2253,2033.0,110.0,360.0,1.0,rural,y
414,female,yes,0.0,not graduate,no,2149,3237.0,178.0,360.0,0.0,semiurban,n
415,female,no,0.0,graduate,no,2995,0.0,60.0,360.0,1.0,urban,y
416,female,no,1.0,graduate,no,2600,0.0,160.0,360.0,1.0,urban,n
417,male,yes,2.0,graduate,yes,1600,20000.0,239.0,360.0,1.0,urban,n
418,male,yes,0.0,graduate,no,1025,2773.0,112.0,360.0,1.0,rural,y
419,male,yes,0.0,graduate,no,3246,1417.0,138.0,360.0,1.0,semiurban,y
420,male,yes,0.0,graduate,no,5829,0.0,138.0,360.0,1.0,rural,y
422,male,yes,0.0,graduate,no,1820,1719.0,100.0,360.0,1.0,urban,y
424,male,yes,0.0,graduate,no,14880,0.0,96.0,360.0,1.0,semiurban,y
425,male,yes,0.0,graduate,no,2666,4300.0,121.0,360.0,1.0,rural,y
426,female,no,1.0,not graduate,no,4606,0.0,81.0,360.0,1.0,rural,n
427,male,yes,2.0,graduate,no,5935,0.0,133.0,360.0,1.0,semiurban,y
428,male,yes,0.0,graduate,no,2920,16.12000084,87.0,360.0,1.0,rural,y
429,male,no,0.0,not graduate,no,2717,0.0,60.0,180.0,1.0,urban,y
430,female,no,1.0,graduate,yes,8624,0.0,150.0,360.0,1.0,semiurban,y
431,male,no,0.0,graduate,no,6500,0.0,105.0,360.0,0.0,rural,n
433,male,yes,0.0,graduate,no,2425,2340.0,143.0,360.0,1.0,semiurban,y
434,male,no,0.0,graduate,no,3750,0.0,100.0,360.0,1.0,urban,y
436,male,no,0.0,graduate,no,1926,1851.0,50.0,360.0,1.0,semiurban,y
438,male,no,0.0,graduate,yes,10416,0.0,187.0,360.0,0.0,urban,n
439,female,yes,0.0,not graduate,yes,7142,0.0,138.0,360.0,1.0,rural,y
440,male,no,0.0,graduate,no,3660,5064.0,187.0,360.0,1.0,semiurban,y
441,male,yes,0.0,graduate,no,7901,1833.0,180.0,360.0,1.0,rural,y
442,male,no,3.0,not graduate,no,4707,1993.0,148.0,360.0,1.0,semiurban,y
443,male,no,1.0,graduate,no,37719,0.0,152.0,360.0,1.0,semiurban,y
445,male,yes,1.0,graduate,yes,3466,1210.0,130.0,360.0,1.0,rural,y
446,male,yes,2.0,not graduate,no,4652,0.0,110.0,360.0,1.0,rural,y
448,male,yes,2.0,graduate,no,3340,1710.0,150.0,360.0,0.0,rural,n
450,male,yes,2.0,not graduate,no,2309,1255.0,125.0,360.0,0.0,rural,n
452,male,yes,0.0,graduate,no,3948,1733.0,149.0,360.0,0.0,rural,n
453,male,yes,0.0,graduate,no,2483,2466.0,90.0,180.0,0.0,rural,y
454,male,no,0.0,graduate,yes,7085,0.0,84.0,360.0,1.0,semiurban,y
455,male,yes,2.0,graduate,no,3859,0.0,96.0,360.0,1.0,semiurban,y
456,male,yes,0.0,graduate,no,4301,0.0,118.0,360.0,1.0,urban,y
457,male,yes,0.0,graduate,no,3708,2569.0,173.0,360.0,1.0,urban,n
458,male,no,2.0,graduate,no,4354,0.0,136.0,360.0,1.0,rural,y
459,male,yes,0.0,graduate,no,8334,0.0,160.0,360.0,1.0,semiurban,n
461,male,yes,3.0,graduate,no,7740,0.0,128.0,180.0,1.0,urban,y
462,male,yes,0.0,graduate,no,3015,2188.0,153.0,360.0,1.0,rural,y
464,male,no,0.0,graduate,no,4166,0.0,98.0,360.0,0.0,semiurban,n
465,male,no,0.0,graduate,no,6000,0.0,140.0,360.0,1.0,rural,y
466,male,yes,3.0,not graduate,no,2947,1664.0,70.0,180.0,0.0,urban,n
469,male,yes,0.0,graduate,no,4333,2451.0,110.0,360.0,1.0,urban,n
470,male,yes,1.0,graduate,yes,3450,2079.0,162.0,360.0,1.0,semiurban,y
471,male,yes,1.0,not graduate,no,2653,1500.0,113.0,180.0,0.0,rural,n
472,male,yes,3.0,graduate,no,4691,0.0,100.0,360.0,1.0,semiurban,y
474,male,no,2.0,graduate,no,5532,4648.0,162.0,360.0,1.0,rural,y
475,male,yes,2.0,graduate,yes,16525,1014.0,150.0,360.0,1.0,rural,y
476,male,yes,2.0,graduate,no,6700,1750.0,230.0,300.0,1.0,semiurban,y
478,male,yes,1.0,graduate,yes,16667,2250.0,86.0,360.0,1.0,semiurban,y
480,female,no,0.0,not graduate,no,4350,0.0,154.0,360.0,1.0,rural,y
481,male,yes,3.0,not graduate,no,3095,0.0,113.0,360.0,1.0,rural,y
482,male,yes,0.0,graduate,no,2083,3150.0,128.0,360.0,1.0,semiurban,y
483,male,yes,0.0,graduate,no,10833,0.0,234.0,360.0,1.0,semiurban,y
484,male,yes,2.0,graduate,no,8333,0.0,246.0,360.0,1.0,semiurban,y
485,male,yes,1.0,not graduate,no,1958,2436.0,131.0,360.0,1.0,rural,y
486,male,no,2.0,graduate,no,3547,0.0,80.0,360.0,0.0,rural,n
487,male,yes,1.0,graduate,no,18333,0.0,500.0,360.0,1.0,urban,n
488,male,yes,2.0,graduate,yes,4583,2083.0,160.0,360.0,1.0,semiurban,y
489,male,no,0.0,graduate,no,2435,0.0,75.0,360.0,1.0,urban,n
492,male,no,0.0,not graduate,no,3691,0.0,110.0,360.0,1.0,rural,y
493,female,no,0.0,not graduate,yes,17263,0.0,225.0,360.0,1.0,semiurban,y
494,male,yes,0.0,graduate,no,3597,2157.0,119.0,360.0,0.0,rural,n
495,female,yes,1.0,graduate,no,3326,913.0,105.0,84.0,1.0,semiurban,y
496,male,yes,0.0,not graduate,no,2600,1700.0,107.0,360.0,1.0,rural,y
498,male,yes,1.0,graduate,yes,2895,0.0,95.0,360.0,1.0,semiurban,y
499,male,no,0.0,graduate,no,6283,4416.0,209.0,360.0,0.0,rural,n
500,female,no,0.0,graduate,no,645,3683.0,113.0,480.0,1.0,rural,y
501,female,no,0.0,graduate,no,3159,0.0,100.0,360.0,1.0,semiurban,y
502,male,yes,2.0,graduate,no,4865,5624.0,208.0,360.0,1.0,semiurban,y
504,male,yes,0.0,not graduate,no,3814,1483.0,124.0,300.0,1.0,semiurban,y
505,male,yes,2.0,graduate,no,3510,4416.0,243.0,360.0,1.0,rural,y
508,male,yes,0.0,graduate,yes,2479,3013.0,188.0,360.0,1.0,urban,y
509,female,no,1.0,graduate,no,13262,0.0,40.0,360.0,1.0,urban,y
510,male,no,0.0,not graduate,no,3598,1287.0,100.0,360.0,1.0,rural,n
511,male,yes,1.0,graduate,no,6065,2004.0,250.0,360.0,1.0,semiurban,y
512,male,yes,2.0,graduate,no,3283,2035.0,148.0,360.0,1.0,urban,y
513,male,yes,0.0,graduate,no,2130,6666.0,70.0,180.0,1.0,semiurban,n
514,male,no,0.0,graduate,no,5815,3666.0,311.0,360.0,1.0,rural,n
515,male,yes,3.0,graduate,no,3466,3428.0,150.0,360.0,1.0,rural,y
516,female,yes,2.0,graduate,no,2031,1632.0,113.0,480.0,1.0,semiurban,y
518,male,no,0.0,graduate,no,4683,1915.0,185.0,360.0,1.0,semiurban,n
519,female,no,0.0,not graduate,no,3400,0.0,95.0,360.0,1.0,rural,n
520,male,yes,2.0,not graduate,no,2192,1742.0,45.0,360.0,1.0,semiurban,y
521,male,no,0.0,graduate,no,2500,0.0,55.0,360.0,1.0,semiurban,y
522,male,yes,3.0,graduate,yes,5677,1424.0,100.0,360.0,1.0,rural,y
523,male,yes,2.0,graduate,yes,7948,7166.0,480.0,360.0,1.0,rural,y
525,male,yes,2.0,graduate,yes,17500,0.0,400.0,360.0,1.0,rural,y
526,male,yes,0.0,graduate,no,3775,0.0,110.0,360.0,1.0,semiurban,y
527,male,yes,1.0,not graduate,no,5285,1430.0,161.0,360.0,0.0,semiurban,y
528,male,no,1.0,not graduate,no,2679,1302.0,94.0,360.0,1.0,semiurban,y
529,male,no,0.0,not graduate,no,6783,0.0,130.0,360.0,1.0,semiurban,y
531,male,yes,3.0,graduate,no,4281,0.0,100.0,360.0,1.0,urban,y
532,male,no,2.0,graduate,no,3588,0.0,110.0,360.0,0.0,rural,n
534,female,no,0.0,not graduate,yes,18165,0.0,125.0,360.0,1.0,urban,y
536,male,yes,0.0,graduate,no,6133,3906.0,324.0,360.0,1.0,urban,y
537,male,no,2.0,graduate,no,3617,0.0,107.0,360.0,1.0,semiurban,y
538,male,yes,0.0,not graduate,no,2917,536.0,66.0,360.0,1.0,rural,n
539,male,yes,3.0,graduate,no,6417,0.0,157.0,180.0,1.0,rural,y
540,female,yes,1.0,graduate,no,4608,2845.0,140.0,180.0,1.0,semiurban,y
541,female,no,0.0,graduate,no,2138,0.0,99.0,360.0,0.0,semiurban,n
543,male,yes,1.0,not graduate,no,2239,2524.0,128.0,360.0,1.0,urban,y
545,male,yes,0.0,graduate,no,2768,1950.0,155.0,360.0,1.0,rural,y
546,male,no,0.0,not graduate,no,3358,0.0,80.0,36.0,1.0,semiurban,n
547,male,no,0.0,graduate,no,2526,1783.0,145.0,360.0,1.0,rural,y
548,female,no,0.0,graduate,no,5000,0.0,103.0,360.0,0.0,semiurban,n
549,male,yes,0.0,graduate,no,2785,2016.0,110.0,360.0,1.0,rural,y
552,male,yes,1.0,graduate,no,3333,3250.0,158.0,360.0,1.0,urban,y
553,male,yes,0.0,not graduate,no,2454,2333.0,181.0,360.0,0.0,urban,n
554,male,yes,0.0,graduate,no,3593,4266.0,132.0,180.0,0.0,rural,n
555,male,yes,1.0,graduate,no,5468,1032.0,26.0,360.0,1.0,semiurban,y
557,male,yes,3.0,graduate,yes,10139,0.0,260.0,360.0,1.0,semiurban,y
558,male,yes,0.0,graduate,no,3887,2669.0,162.0,360.0,1.0,semiurban,y
559,female,yes,0.0,graduate,no,4180,2306.0,182.0,360.0,1.0,semiurban,y
560,male,yes,2.0,not graduate,no,3675,242.0,108.0,360.0,1.0,semiurban,y
561,female,yes,1.0,graduate,yes,19484,0.0,600.0,360.0,1.0,semiurban,y
562,male,yes,0.0,graduate,no,5923,2054.0,211.0,360.0,1.0,rural,y
563,male,no,0.0,not graduate,yes,5800,0.0,132.0,360.0,1.0,semiurban,y
564,male,yes,2.0,graduate,no,8799,0.0,258.0,360.0,0.0,urban,n
566,male,no,0.0,graduate,no,3333,0.0,70.0,360.0,1.0,urban,y
567,male,yes,3.0,graduate,no,3400,2500.0,123.0,360.0,0.0,rural,n
568,female,no,0.0,graduate,no,2378,0.0,9.0,360.0,1.0,urban,n
569,male,yes,0.0,graduate,no,3166,2064.0,104.0,360.0,0.0,urban,n
570,male,yes,1.0,graduate,no,3417,1750.0,186.0,360.0,1.0,urban,y
572,male,yes,2.0,graduate,no,16666,0.0,275.0,360.0,1.0,urban,y
573,male,yes,2.0,not graduate,no,6125,1625.0,187.0,480.0,1.0,semiurban,n
574,male,yes,3.0,graduate,no,6406,0.0,150.0,360.0,1.0,semiurban,n
575,male,yes,2.0,graduate,no,3159,461.0,108.0,84.0,1.0,urban,y
577,male,no,0.0,graduate,no,3229,2739.0,110.0,360.0,1.0,urban,y
578,male,yes,1.0,graduate,no,1782,2232.0,107.0,360.0,1.0,rural,y
580,male,yes,2.0,graduate,no,6540,0.0,205.0,360.0,1.0,semiurban,y
581,male,no,0.0,graduate,no,1836,33837.0,90.0,360.0,1.0,urban,n
582,female,yes,0.0,graduate,no,3166,0.0,36.0,360.0,1.0,semiurban,y
584,male,yes,1.0,graduate,no,2787,1917.0,146.0,360.0,0.0,rural,n
585,male,yes,1.0,graduate,no,4283,3000.0,172.0,84.0,1.0,rural,n
586,male,yes,0.0,graduate,no,2297,1522.0,104.0,360.0,1.0,urban,y
587,female,no,0.0,not graduate,no,2165,0.0,70.0,360.0,1.0,semiurban,y
589,male,yes,2.0,graduate,yes,2726,0.0,106.0,360.0,0.0,semiurban,n
590,male,yes,0.0,graduate,no,3000,3416.0,56.0,180.0,1.0,semiurban,y
591,male,yes,2.0,graduate,yes,6000,0.0,205.0,240.0,1.0,semiurban,n
593,male,yes,0.0,graduate,no,3859,3300.0,142.0,180.0,1.0,rural,y
594,male,yes,0.0,graduate,yes,16120,0.0,260.0,360.0,1.0,urban,y
595,male,no,0.0,not graduate,no,3833,0.0,110.0,360.0,1.0,rural,y
596,male,yes,2.0,not graduate,yes,6383,1000.0,187.0,360.0,1.0,rural,n
598,male,yes,0.0,graduate,yes,9963,0.0,180.0,360.0,1.0,rural,y
599,male,yes,2.0,graduate,no,5780,0.0,192.0,360.0,1.0,urban,y
602,male,yes,3.0,graduate,no,5703,0.0,128.0,360.0,1.0,urban,y
603,male,no,0.0,graduate,no,3676,4301.0,172.0,360.0,1.0,rural,y
604,female,yes,1.0,graduate,no,12000,0.0,496.0,360.0,1.0,semiurban,y
606,male,yes,1.0,graduate,no,3400,2500.0,173.0,360.0,1.0,semiurban,y
607,male,yes,2.0,not graduate,no,3987,1411.0,157.0,360.0,1.0,rural,y
608,male,yes,0.0,graduate,no,3232,1950.0,108.0,360.0,1.0,rural,y
609,female,no,0.0,graduate,no,2900,0.0,71.0,360.0,1.0,rural,y
610,male,yes,3.0,graduate,no,4106,0.0,40.0,180.0,1.0,rural,y
611,male,yes,1.0,graduate,no,8072,240.0,253.0,360.0,1.0,urban,y
612,male,yes,2.0,graduate,no,7583,0.0,187.0,360.0,1.0,urban,y
613,female,no,0.0,graduate,yes,4583,0.0,133.0,360.0,0.0,semiurban,n
